method,benchmark,training_seconds,iterations,final_residual,cpu_memory_proxy_mb,gpu_peak_mb,mse,rmse,relative_l2,max_abs_error,operator_training_parameter_trajectories,operator_training_time_nodes,benchmark_title,log10_relative_l2
RAR,consecutive_reaction,0.29958741599693894,300,0.017166966572403908,568.359375,,0.00020294857531576676,0.014246002081839198,0.03205414159097772,0.03387705344328312,,,Consecutive reaction A→B→C,-1.4941158490186948
PINN-LHS,consecutive_reaction,0.2767046670196578,260,0.22826199233531952,568.34375,,0.002390094346860548,0.04888859117279355,0.11000151583817777,0.10601020410829726,,,Consecutive reaction A→B→C,-0.9586013301543189
PI-DeepONet,consecutive_reaction,0.6449442080338486,260,1.2989346981048584,569.921875,,0.005493828255889077,0.07412036330111367,0.16677413118290627,0.14238165051172674,48.0,40.0,Consecutive reaction A→B→C,-0.7778713131454882
RAS,consecutive_reaction,0.2667719590244815,260,0.4491737484931946,569.15625,,0.007913929860698572,0.08896027124901638,0.20016458752472774,0.19142032519209906,,,Consecutive reaction A→B→C,-0.6986127540443217
DeepONet,consecutive_reaction,0.22158179199323058,260,3.8772976398468018,569.1875,,0.008104153488981412,0.09002307198147268,0.2025559366881943,0.2352638744552999,48.0,40.0,Consecutive reaction A→B→C,-0.693455023607818
RAR,damped_oscillator,0.2740029590204358,300,3.2358591556549072,566.4375,,0.04550197529216604,0.21331192018301753,0.7754227772235575,0.5400351878858811,,,Damped harmonic oscillator,-0.11046144620059263
PINN-LHS,damped_oscillator,0.23391775001073256,260,5.343201160430908,566.28125,,0.05460738908963359,0.2336822395682513,0.8494721300073892,0.6032689617945602,,,Damped harmonic oscillator,-0.07085086515579904
PI-DeepONet,damped_oscillator,0.5783715000143275,260,11.475407600402832,567.546875,,0.09118877188342757,0.3019747868339798,1.0977264076822022,0.8460709260775497,48.0,40.0,Damped harmonic oscillator,0.04049411202690349
RAS,damped_oscillator,0.2293856249889359,260,14.058304786682129,566.53125,,0.09598684565375029,0.3098174392343825,1.1262356972704328,0.9651311647170184,,,Damped harmonic oscillator,0.051629288661064456
DeepONet,damped_oscillator,0.2223544170265086,260,3.194568634033203,566.640625,,0.09864889377971024,0.3140842144707534,1.1417461042872405,0.9297083424403122,48.0,40.0,Damped harmonic oscillator,0.05756953844024608
PI-DeepONet,linear_decay,0.4634477500221692,260,0.036468520760536194,566.0,,0.0003380989830199306,0.018387468097047256,0.05766683231240691,0.05358231021167092,48.0,40.0,Exponential decay,-1.2390739040950125
RAR,linear_decay,0.18095750000793487,300,0.03436310961842537,563.25,,0.0003849463147766287,0.01962004879648949,0.061532455579900634,0.03794508937448887,,,Exponential decay,-1.2108957531466358
PINN-LHS,linear_decay,0.1978985839523375,260,0.18670356273651123,562.515625,,0.0018186019915313128,0.04264506995575588,0.13374359564405428,0.0841303524906929,,,Exponential decay,-0.8737270051425461
DeepONet,linear_decay,0.21135454199975356,260,1.4615198373794556,564.3125,,0.008032056187096476,0.08962173947818954,0.2810719667742025,0.1434349828876777,48.0,40.0,Exponential decay,-0.551182467385748
RAS,linear_decay,0.16253929102094844,260,0.5642269253730774,563.515625,,0.014726428279159279,0.12135249597416313,0.38058605997841943,0.1711440328174992,,,Exponential decay,-0.4195471229993986
DeepONet,logistic_growth,0.2021910829935223,260,0.10797280073165894,567.75,,0.0008576631286344666,0.029285886167819245,0.10461344534386946,0.04817100527943327,48.0,40.0,Logistic population growth,-0.9804124945950121
PI-DeepONet,logistic_growth,0.48008612502599135,260,0.018214354291558266,568.0625,,0.0011558781952098107,0.03399820870589818,0.12144654690873542,0.05590075844347375,48.0,40.0,Logistic population growth,-0.9156148289840167
RAR,logistic_growth,0.19525883300229907,300,0.0009526240755803883,567.640625,,0.0016215034871369443,0.04026789648264414,0.14384278364192563,0.07112047909529262,,,Logistic population growth,-0.8421119210736501
RAS,logistic_growth,0.17206491599790752,260,0.0018188293324783444,567.671875,,0.002394273773273259,0.04893131689698591,0.17478978155119854,0.08915276168615871,,,Logistic population growth,-0.7574839604066841
PINN-LHS,logistic_growth,0.1814595420146361,260,0.003404638497158885,567.59375,,0.07237935696643884,0.2690341185917482,0.9610290055644819,0.5869932300152005,,,Logistic population growth,-0.01726350435382947
RAS,lotka_volterra,0.2384835000266321,260,0.4431915879249573,570.015625,,0.040635182229557046,0.2015817011277488,0.5973338026831945,0.4456817796762551,,,Lotka–Volterra predator–prey,-0.22378290815029483
PI-DeepONet,lotka_volterra,0.6284249590244144,260,4.07442045211792,570.84375,,0.040970117980349094,0.20241076547542894,0.5997905145608018,0.4527339926298226,48.0,40.0,Lotka–Volterra predator–prey,-0.22200040670999605
PINN-LHS,lotka_volterra,0.22563920897664502,260,0.3573465049266815,569.953125,,0.04112003749251699,0.2027807621361479,0.6008869013414018,0.4428181502745032,,,Lotka–Volterra predator–prey,-0.2212072630148067
RAR,lotka_volterra,0.25429708301089704,300,0.48094403743743896,570.0,,0.04293519304628665,0.20720809116993152,0.6140061144082849,0.435488670163926,,,Lotka–Volterra predator–prey,-0.21182730403707922
DeepONet,lotka_volterra,0.23843883397057652,260,1.913785457611084,570.109375,,0.04527046458285474,0.21276857047706726,0.6304831171852766,0.41761519049857854,48.0,40.0,Lotka–Volterra predator–prey,-0.20032653829223285
DeepONet,monod_bioprocess,0.23252741701435298,260,2813.4375,572.921875,,0.9711252501452091,0.9854568738129584,0.1850478494293451,2.5007725954261826,48.0,40.0,Monod viable-cell-density bioprocess,-0.7327159577798695
PI-DeepONet,monod_bioprocess,0.6329528329661116,260,31.64784812927246,574.5,,9.871200247977823,3.1418466302443573,0.5899719993976138,7.507789632709114,48.0,40.0,Monod viable-cell-density bioprocess,-0.22916859987595078
RAS,monod_bioprocess,0.24410395900486037,260,0.4134456217288971,572.859375,,28.225017338093874,5.312722215408394,0.9976162800234573,10.17971484533494,,,Monod viable-cell-density bioprocess,-0.0010364722533887116
PINN-LHS,monod_bioprocess,0.2593676669639535,260,0.3460707664489746,572.78125,,28.341566165223743,5.323679757951613,0.9996738735483852,10.201430256478364,,,Monod viable-cell-density bioprocess,-0.00014165801880824545
RAR,monod_bioprocess,0.28182995901443064,300,0.942175030708313,572.84375,,28.53794790835004,5.342092090964928,1.003131318229762,10.489849519587338,,,Monod viable-cell-density bioprocess,0.0013577895004722362
PINN-LHS,qssa_enzyme,0.175046916003339,260,0.020748497918248177,572.609375,,0.0003892714662131023,0.01972996366476893,0.042617718946025576,0.03205118214575031,,,QSSA enzyme progress curve,-1.3704097990062631
RAR,qssa_enzyme,0.21393691597040743,300,0.03234325721859932,572.609375,,0.0005925931650461864,0.024343236535970036,0.05258262156757715,0.047180796453471965,,,QSSA enzyme progress curve,-1.279157765434852
DeepONet,qssa_enzyme,0.23607949999859557,260,0.08460285514593124,572.71875,,0.001927514982338539,0.04390347346553048,0.09483372218517376,0.06915921204064206,48.0,40.0,QSSA enzyme progress curve,-1.0230372032237673
RAS,qssa_enzyme,0.1921826670295559,260,0.23635195195674896,572.640625,,0.01729752712180339,0.13152006357131749,0.28408998618961573,0.1954515226573904,,,QSSA enzyme progress curve,-0.5465440743349281
PI-DeepONet,qssa_enzyme,0.49723341601202264,260,0.7076449394226074,572.765625,,0.19879584051310958,0.4458652717056012,0.9630915271918815,0.5952548541975703,48.0,40.0,QSSA enzyme progress curve,-0.016332437833395066
DeepONet,sir,0.24188995797885582,260,0.18261568248271942,571.421875,,0.010210503867069485,0.10104703789359432,0.21223282098859292,0.2170684387799383,48.0,40.0,SIR epidemic model,-0.6731874532715368
PI-DeepONet,sir,0.6838935419800691,260,0.027721423655748367,572.484375,,0.03394237976423375,0.18423457809063354,0.38695468018560386,0.3383509738268057,48.0,40.0,SIR epidemic model,-0.412339896215834
PINN-LHS,sir,0.2957867920049466,260,0.003651142120361328,570.875,,0.21320675701203076,0.46174317213363403,0.9698162166548273,0.8715330136642762,,,SIR epidemic model,-0.013310558161489024
RAS,sir,0.29931741702603176,260,0.00028353629750199616,571.375,,0.2525033511958415,0.5024971156094744,1.055413227419213,0.9362282093672676,,,SIR epidemic model,0.023422532857189367
RAR,sir,0.3341826670221053,300,0.00028101869975216687,571.03125,,0.2591436762311823,0.5090615642839108,1.0692007811115591,0.9580857690482063,,,SIR epidemic model,0.029059267361263526
PI-DeepONet,van_der_pol,0.6062791249714792,260,4.400209903717041,572.609375,,0.371881939827964,0.6098212359601493,1.006904412178835,1.2389551701489774,48.0,40.0,Van der Pol oscillator,0.002988243906465138
DeepONet,van_der_pol,0.24230437498772517,260,16.77638053894043,572.546875,,0.37216719067524645,0.6100550718379829,1.007290509551692,1.331880778307089,48.0,40.0,Van der Pol oscillator,0.0031547421522444366
RAR,van_der_pol,0.2560550000052899,300,16.7399959564209,572.484375,,0.7396943402111298,0.860054847210996,1.4200768508972308,1.9756894315146016,,,Van der Pol oscillator,0.15231184791648675
RAS,van_der_pol,0.22932729200692847,260,11.984720230102539,572.484375,,0.9514398745672457,0.9754177948793253,1.6105580184254602,2.2005458805229194,,,Van der Pol oscillator,0.2069763743765567
PINN-LHS,van_der_pol,0.22507841599872336,260,10.758481979370117,572.484375,,1.040678381925546,1.020136452601095,1.6843950892120658,2.3123730028532554,,,Van der Pol oscillator,0.22644396658151494
