benchmark_title,method,relative_l2,training_seconds,iterations,final_residual,stability,scalability,comments
Consecutive reaction A→B→C,RAR,0.03205414159097772,0.29958741599693894,300,0.017166966572403908,single deterministic seed; repeat before ranking,per-instance + candidate scoring,greedily retains high-residual points
Consecutive reaction A→B→C,PINN-LHS,0.11000151583817777,0.2767046670196578,260,0.22826199233531952,single deterministic seed; repeat before ranking,per-instance optimization,fixed LHS collocation baseline
Consecutive reaction A→B→C,PI-DeepONet,0.16677413118290627,0.6449442080338486,260,1.2989346981048584,single deterministic seed; repeat before ranking,"amortized, higher offline AD cost",data + physics operator loss
Consecutive reaction A→B→C,RAS,0.20016458752472774,0.2667719590244815,260,0.4491737484931946,single deterministic seed; repeat before ranking,per-instance + resampling,residual-proportional resampling + exploration
Consecutive reaction A→B→C,DeepONet,0.2025559366881943,0.22158179199323058,260,3.8772976398468018,single deterministic seed; repeat before ranking,amortized after offline training,supervised operator trajectory data
Damped harmonic oscillator,RAR,0.7754227772235575,0.2740029590204358,300,3.2358591556549072,single deterministic seed; repeat before ranking,per-instance + candidate scoring,greedily retains high-residual points
Damped harmonic oscillator,PINN-LHS,0.8494721300073892,0.23391775001073256,260,5.343201160430908,single deterministic seed; repeat before ranking,per-instance optimization,fixed LHS collocation baseline
Damped harmonic oscillator,PI-DeepONet,1.0977264076822022,0.5783715000143275,260,11.475407600402832,single deterministic seed; repeat before ranking,"amortized, higher offline AD cost",data + physics operator loss
Damped harmonic oscillator,RAS,1.1262356972704328,0.2293856249889359,260,14.058304786682129,single deterministic seed; repeat before ranking,per-instance + resampling,residual-proportional resampling + exploration
Damped harmonic oscillator,DeepONet,1.1417461042872405,0.2223544170265086,260,3.194568634033203,single deterministic seed; repeat before ranking,amortized after offline training,supervised operator trajectory data
Exponential decay,PI-DeepONet,0.05766683231240691,0.4634477500221692,260,0.036468520760536194,single deterministic seed; repeat before ranking,"amortized, higher offline AD cost",data + physics operator loss
Exponential decay,RAR,0.061532455579900634,0.18095750000793487,300,0.03436310961842537,single deterministic seed; repeat before ranking,per-instance + candidate scoring,greedily retains high-residual points
Exponential decay,PINN-LHS,0.13374359564405428,0.1978985839523375,260,0.18670356273651123,single deterministic seed; repeat before ranking,per-instance optimization,fixed LHS collocation baseline
Exponential decay,DeepONet,0.2810719667742025,0.21135454199975356,260,1.4615198373794556,single deterministic seed; repeat before ranking,amortized after offline training,supervised operator trajectory data
Exponential decay,RAS,0.38058605997841943,0.16253929102094844,260,0.5642269253730774,single deterministic seed; repeat before ranking,per-instance + resampling,residual-proportional resampling + exploration
Logistic population growth,DeepONet,0.10461344534386946,0.2021910829935223,260,0.10797280073165894,single deterministic seed; repeat before ranking,amortized after offline training,supervised operator trajectory data
Logistic population growth,PI-DeepONet,0.12144654690873542,0.48008612502599135,260,0.018214354291558266,single deterministic seed; repeat before ranking,"amortized, higher offline AD cost",data + physics operator loss
Logistic population growth,RAR,0.14384278364192563,0.19525883300229907,300,0.0009526240755803883,single deterministic seed; repeat before ranking,per-instance + candidate scoring,greedily retains high-residual points
Logistic population growth,RAS,0.17478978155119854,0.17206491599790752,260,0.0018188293324783444,single deterministic seed; repeat before ranking,per-instance + resampling,residual-proportional resampling + exploration
Logistic population growth,PINN-LHS,0.9610290055644819,0.1814595420146361,260,0.003404638497158885,single deterministic seed; repeat before ranking,per-instance optimization,fixed LHS collocation baseline
Lotka–Volterra predator–prey,RAS,0.5973338026831945,0.2384835000266321,260,0.4431915879249573,single deterministic seed; repeat before ranking,per-instance + resampling,residual-proportional resampling + exploration
Lotka–Volterra predator–prey,PI-DeepONet,0.5997905145608018,0.6284249590244144,260,4.07442045211792,single deterministic seed; repeat before ranking,"amortized, higher offline AD cost",data + physics operator loss
Lotka–Volterra predator–prey,PINN-LHS,0.6008869013414018,0.22563920897664502,260,0.3573465049266815,single deterministic seed; repeat before ranking,per-instance optimization,fixed LHS collocation baseline
Lotka–Volterra predator–prey,RAR,0.6140061144082849,0.25429708301089704,300,0.48094403743743896,single deterministic seed; repeat before ranking,per-instance + candidate scoring,greedily retains high-residual points
Lotka–Volterra predator–prey,DeepONet,0.6304831171852766,0.23843883397057652,260,1.913785457611084,single deterministic seed; repeat before ranking,amortized after offline training,supervised operator trajectory data
Monod viable-cell-density bioprocess,DeepONet,0.1850478494293451,0.23252741701435298,260,2813.4375,single deterministic seed; repeat before ranking,amortized after offline training,supervised operator trajectory data
Monod viable-cell-density bioprocess,PI-DeepONet,0.5899719993976138,0.6329528329661116,260,31.64784812927246,single deterministic seed; repeat before ranking,"amortized, higher offline AD cost",data + physics operator loss
Monod viable-cell-density bioprocess,RAS,0.9976162800234573,0.24410395900486037,260,0.4134456217288971,single deterministic seed; repeat before ranking,per-instance + resampling,residual-proportional resampling + exploration
Monod viable-cell-density bioprocess,PINN-LHS,0.9996738735483852,0.2593676669639535,260,0.3460707664489746,single deterministic seed; repeat before ranking,per-instance optimization,fixed LHS collocation baseline
Monod viable-cell-density bioprocess,RAR,1.003131318229762,0.28182995901443064,300,0.942175030708313,single deterministic seed; repeat before ranking,per-instance + candidate scoring,greedily retains high-residual points
QSSA enzyme progress curve,PINN-LHS,0.042617718946025576,0.175046916003339,260,0.020748497918248177,single deterministic seed; repeat before ranking,per-instance optimization,fixed LHS collocation baseline
QSSA enzyme progress curve,RAR,0.05258262156757715,0.21393691597040743,300,0.03234325721859932,single deterministic seed; repeat before ranking,per-instance + candidate scoring,greedily retains high-residual points
QSSA enzyme progress curve,DeepONet,0.09483372218517376,0.23607949999859557,260,0.08460285514593124,single deterministic seed; repeat before ranking,amortized after offline training,supervised operator trajectory data
QSSA enzyme progress curve,RAS,0.28408998618961573,0.1921826670295559,260,0.23635195195674896,single deterministic seed; repeat before ranking,per-instance + resampling,residual-proportional resampling + exploration
QSSA enzyme progress curve,PI-DeepONet,0.9630915271918815,0.49723341601202264,260,0.7076449394226074,single deterministic seed; repeat before ranking,"amortized, higher offline AD cost",data + physics operator loss
SIR epidemic model,DeepONet,0.21223282098859292,0.24188995797885582,260,0.18261568248271942,single deterministic seed; repeat before ranking,amortized after offline training,supervised operator trajectory data
SIR epidemic model,PI-DeepONet,0.38695468018560386,0.6838935419800691,260,0.027721423655748367,single deterministic seed; repeat before ranking,"amortized, higher offline AD cost",data + physics operator loss
SIR epidemic model,PINN-LHS,0.9698162166548273,0.2957867920049466,260,0.003651142120361328,single deterministic seed; repeat before ranking,per-instance optimization,fixed LHS collocation baseline
SIR epidemic model,RAS,1.055413227419213,0.29931741702603176,260,0.00028353629750199616,single deterministic seed; repeat before ranking,per-instance + resampling,residual-proportional resampling + exploration
SIR epidemic model,RAR,1.0692007811115591,0.3341826670221053,300,0.00028101869975216687,single deterministic seed; repeat before ranking,per-instance + candidate scoring,greedily retains high-residual points
Van der Pol oscillator,PI-DeepONet,1.006904412178835,0.6062791249714792,260,4.400209903717041,single deterministic seed; repeat before ranking,"amortized, higher offline AD cost",data + physics operator loss
Van der Pol oscillator,DeepONet,1.007290509551692,0.24230437498772517,260,16.77638053894043,single deterministic seed; repeat before ranking,amortized after offline training,supervised operator trajectory data
Van der Pol oscillator,RAR,1.4200768508972308,0.2560550000052899,300,16.7399959564209,single deterministic seed; repeat before ranking,per-instance + candidate scoring,greedily retains high-residual points
Van der Pol oscillator,RAS,1.6105580184254602,0.22932729200692847,260,11.984720230102539,single deterministic seed; repeat before ranking,per-instance + resampling,residual-proportional resampling + exploration
Van der Pol oscillator,PINN-LHS,1.6843950892120658,0.22507841599872336,260,10.758481979370117,single deterministic seed; repeat before ranking,per-instance optimization,fixed LHS collocation baseline
